{
  "n_rows": 3000,
  "growth_target_hit_rate": 0.5683333333333334,
  "high_attrition_risk_rate": 0.562,
  "models": [
    {
      "model": "GrowthModel",
      "target": "growth_target_hit",
      "cv_roc_auc_mean": 0.5984718292742588,
      "cv_roc_auc_std": 0.023554000503269685,
      "cv_pr_auc_mean": 0.657986396221699,
      "cv_pr_auc_std": 0.02318817667186693,
      "test_roc_auc": 0.5795808376453538,
      "test_pr_auc": 0.6351060080632511
    },
    {
      "model": "AttritionModel",
      "target": "high_attrition_risk",
      "cv_roc_auc_mean": 0.6072437441724662,
      "cv_roc_auc_std": 0.01833560998677418,
      "cv_pr_auc_mean": 0.6604257263360312,
      "cv_pr_auc_std": 0.024182127432407267,
      "test_roc_auc": 0.5495255610339498,
      "test_pr_auc": 0.617742444869845
    }
  ],
  "artifacts": {
    "roc_plot": "assets/roc_curves.png",
    "growth_feature_importance": "assets/growth_feature_importance.csv",
    "attrition_feature_importance": "assets/attrition_feature_importance.csv"
  }
}